"FilePath","ImageUrl"
"external\vpx-301bullseye\README.md","https://github.com/LegendsUnchained/vpx-standalone-alp4k/blob/main/images/vpx-301bullseye.jpg"
"external\vpx-4aces\README.md","https://github.com/LegendsUnchained/vpx-standalone-alp4k/blob/main/images/vpx-4aces.jpg"
"external\vpx-acehigh\README.md","https://github.com/LegendsUnchained/vpx-standalone-alp4k/blob/main/images/vpx-acehigh.png"
"external\vpx-airborne\README.md","https://vpuniverse.com/screenshots/monthly_2023_06/airborne_cab.png.2874ca98b961638249a9e4ebfc928c74.png"
"external\vpx-alice1948\README.md","https://github.com/LegendsUnchained/vpx-standalone-alp4k/blob/main/images/vpx-alice1948.jpg"
"external\vpx-aliens\README.md","https://vpuniverse.com/screenshots/monthly_2024_04/AliensDesktop.png.0e972b187963b7b693040266c9c85567.png"
"external\vpx-alienstar\README.md","https://vpuniverse.com/screenshots/monthly_2024_01/CaptureDTAlienStar.png.e517f69e6664e3ce2787bcbbb76c8688.png"
"external\vpx-apache\README.md","https://github.com/LegendsUnchained/vpx-standalone-alp4k/blob/main/images/vpx-apache.jpg"
"external\vpx-attackfrommars\README.md","https://vpuniverse.com/downloads/monthly_2023_10/afm-g5k-1.311-pups.jpg.6ef012c919b274077abee94112a08f12.jpg"
"external\vpx-attackofthekillertomatoes\README.md","https://vpuniverse.com/screenshots/monthly_2023_08/KillerTomatoesPlayfield.png.5d483fe11a2fd6b505270663406c2876.png"
"external\vpx-avatar\README.md","https://vpuniverse.com/screenshots/monthly_2023_11/Avatar_DT1_11.webp.6ae6121e293be5b73c0145a52c276ec4.webp"
"external\vpx-baseball1970\README.md","https://vpuniverse.com/screenshots/monthly_2024_04/Baseball1.2.1Cabinet.png.2b3e0b4a5c96783feabd809f681d46ac.png"
"external\vpx-batman\README.md","https://raw.githubusercontent.com/LegendsUnchained/vpx-standalone-alp4k/main/images/vpx-batman-preview.jpg"
"external\vpx-batmanbw\README.md","https://vpuniverse.com/screenshots/monthly_2021_07/Screenshot.jpg.c36e157f05c3d8c246dec53809fac629.jpg"
"external\vpx-beastmaster\README.md","https://vpuniverse.com/screenshots/monthly_2021_10/20211027_183639.jpg.00e15ca9ea12afde87a0881978f09a25.jpg"
"external\vpx-beetlejuice\README.md","https://vpuniverse.com/screenshots/monthly_2023_11/BeetlejuiceDT.png.a0b5e5a6fa02405ba7fbfdf08a1acc58.png"
"external\vpx-bigbuckhunter\README.md","https://i.imgur.com/c9VOMjn.png"
"external\vpx-bighouse\README.md","https://vpuniverse.com/screenshots/monthly_2021_07/BH23FS.png.996ecf289ce82ae8603f011d74a063d7.png"
"external\vpx-blackbeltbally\README.md","preview.png"
"external\vpx-blackknight\README.md","https://vpuniverse.com/screenshots/monthly_2021_11/bkdit.jpg.b04ecc748d79125b30673f0d37dd777f.jpg"
"external\vpx-blackknight2000\README.md","https://vpuniverse.com/screenshots/monthly_2022_02/959094238_CabinetScreenCaptureBK2000.png.2bb02444049927491edbb9a40191927b.png"
"external\vpx-blackout\README.md","https://vpuniverse.com/screenshots/monthly_2022_02/1291040529_BO2.0-DT.png.6a478d59067ff0b0bb45aba6570c4e9e.png"
"external\vpx-blackrose\README.md","https://vpuniverse.com/screenshots/monthly_2021_11/BlackRose-ScreenShot.png.febbeb9ed038f2131333958fdba41328.png"
"external\vpx-bonebusters\README.md","https://vpuniverse.com/screenshots/monthly_2021_07/BB15FS.png.4a82b52183b19b11f6d1f315d94fe358.png"
"external\vpx-bueno\README.md","https://github.com/psybocilin/vpx-standalone-alp4k/blob/vpx-bueno/images/vpx-bueno-preview.jpg"
"external\vpx-capersville\README.md","../../vpx-capersville.png"
"external\vpx-charliesangelsremix\README.md","https://vpuniverse.com/screenshots/monthly_2021_03/charlie.png.d4756de622518ea2dadec8c95e229727.png"
"external\vpx-classof1984\README.md","https://vpuniverse.com/screenshots/monthly_2024_03/Screenshot4.png.de0bfadb240635fbce5166d812278e82.png"
"external\vpx-cleopatra\README.md","https://github.com/LegendsUnchained/vpx-standalone-alp4k/blob/main/images/vpx-cleopatra-preview.jpg"
"external\vpx-cueball\README.md","https://vpuniverse.com/screenshots/monthly_2023_08/Cabinet.png.be519c68a46e10842660c0143ebf4f6c.png"
"external\vpx-drakor\README.md","https://github.com/LegendsUnchained/vpx-standalone-alp4k/blob/main/images/vpx-drakor.jpg"
"external\vpx-flintstones\README.md","https://github.com/LegendsUnchained/vpx-standalone-alp4k/blob/main/images/vpx-flintstones-preview.png"
"external\vpx-frankensteinbw\README.md","https://vpuniverse.com/screenshots/monthly_2022_01/20220130_183804bw.jpg.01bf1e0d2f8ca5074156a911909208b6.jpg"
"external\vpx-freefall\README.md","https://github.com/psybocilin/vpx-standalone-alp4k/blob/vpx-freefall/images/vpx-freefall-preview.jpg"
"external\vpx-gemini2000\README.md","https://github.com/LegendsUnchained/vpx-standalone-alp4k/blob/main/images/vpx-gemini2000.jpg"
"external\vpx-incrediblehulk\README.md","https://github.com/Dr-Wraith/VPX-Images/blob/main/hulktablepreview.jpg"
"external\vpx-mousin\README.md","https://github.com/LegendsUnchained/vpx-standalone-alp4k/blob/main/images/vpx-mousin-preview.png"
"external\vpx-spaceshuttletaito\README.md","https://github.com/LegendsUnchained/vpx-standalone-alp4k/blob/main/images/vpx-spaceshuttletaito.png"
"external\vpx-swordsoffury\README.md","https://vpuniverse.com/screenshots/monthly_2022_09/sof_dt.jpg.3995f17a98a3874fd5221b553705e647.jpg"
"external\vpx-taxi\README.md","https://vpuniverse.com/screenshots/monthly_2021_07/taxi1.0.jpg.c01019100778d9bd756b5e1e29c8ff98.jpg"
"external\vpx-timefantasy\README.md","https://vpuniverse.com/screenshots/monthly_2023_02/TimeFantasy(Williams1983"
"external\vpx-tomjerry\README.md","https://i.imgur.com/kenWQOg_d.webp?maxwidth=760&fidelity=grand"
"external\vpx-tornadorally\README.md","https://raw.githubusercontent.com/Bla1ze/vpx-images/refs/heads/main/vpx-torandorally.png"
"external\vpx-trickrtreat\README.md","https://i.ytimg.com/vi/XdCv7q0uk7E/maxresdefault.jpg"
"external\vpx-victory\README.md","https://vpuniverse.com/screenshots/monthly_2022_05/Victory202.png.7b9ac1f3b3710b32726655b8cb326f03.png"
"external\vpx-volkan\README.md","https://vpuniverse.com/screenshots/monthly_2023_07/pf2.jpg.0ba147f9975c87217325ba13292253fc.jpg"
"external\vpx-wildwest\README.md","https://vpuniverse.com/screenshots/monthly_2024_10/ScreenTable.jpg.da47e50940d172bb0a87f797bfa37409.jpg"
"external\vpx-wwind\README.md","https://www.vpforums.org/index.php?s=29ccc831f10a34059c30612e6c2d0630&app=downloads&module=display&section=screenshot&record=96113&id=16337&full=1"
"external\vpx-xmen\README.md","https://i.imgur.com/iJ6rXVJ.jpeg"
